phaseID,0,1,2,3,4,5,6,7,8,9,10,11,12,13,14,15,16,17,18,19,20,21,22,23,24,25,26,27,28,29,30,31,32,average
0,0,0,0,32767,0,0,0,0,0,0,1,0,0,1,2,43,4,3,1,46,1,1,0,0,0,0,0,0,0,0,0,0,0,3.04229
1,0,0,0,5,5,0,0,0,0,0,0,0,0,5,0,2936,0,0,0,2935,0,5,0,0,0,0,0,0,0,0,0,0,0,16.975
2,0,0,0,6,6,0,0,0,0,0,0,0,0,6,0,2934,0,0,0,2934,0,6,0,0,0,0,0,0,0,0,0,0,0,16.9722
3,0,0,0,6,6,0,0,0,0,0,0,0,0,6,0,2933,0,0,0,2934,0,6,0,0,0,0,0,0,0,0,0,0,0,16.975
4,0,0,0,6,6,0,0,0,0,0,0,0,0,6,0,2934,0,0,0,2934,0,6,0,0,0,0,0,0,0,0,0,0,0,16.9722
5,0,0,0,5,5,0,0,0,0,0,0,0,0,5,0,2935,0,0,0,2935,0,5,0,0,0,0,0,0,0,0,0,0,0,16.9779
6,0,0,0,6,6,0,0,0,0,0,0,0,0,6,0,2934,0,0,0,2934,0,6,0,0,0,0,0,0,0,0,0,0,0,16.9722
7,0,0,0,6,6,0,0,0,0,0,0,0,0,6,0,2934,0,0,0,2934,0,6,0,0,0,0,0,0,0,0,0,0,0,16.9722
8,0,0,0,6,6,0,0,0,0,0,0,0,0,6,0,2934,0,0,0,2934,0,6,0,0,0,0,0,0,0,0,0,0,0,16.9722
9,0,0,0,5,5,0,0,0,0,0,0,0,0,5,0,2936,0,0,0,2935,0,5,0,0,0,0,0,0,0,0,0,0,0,16.975
10,0,0,0,6,6,0,0,0,0,0,0,0,0,6,0,2934,0,0,0,2934,0,6,0,0,0,0,0,0,0,0,0,0,0,16.9722
11,0,0,0,6,6,0,0,0,0,0,0,0,0,6,0,2933,0,0,0,2934,0,6,0,0,0,0,0,0,0,0,0,0,0,16.975
12,0,0,0,6,6,0,0,0,0,0,0,0,0,6,0,2934,0,0,0,2934,0,6,0,0,0,0,0,0,0,0,0,0,0,16.9722
13,0,0,0,6,6,0,0,0,0,0,0,0,0,6,0,2934,0,0,0,2934,0,6,0,0,0,0,0,0,0,0,0,0,0,16.9722
14,0,0,0,5,5,0,0,0,0,0,0,0,0,5,0,2935,0,0,0,2935,0,5,0,0,0,0,0,0,0,0,0,0,0,16.9779
15,0,0,0,6,6,0,0,0,0,0,0,0,0,6,0,2934,0,0,0,2934,0,6,0,0,0,0,0,0,0,0,0,0,0,16.9722
16,0,0,0,6,6,0,0,0,0,0,0,0,0,6,0,2934,0,0,0,2934,0,6,0,0,0,0,0,0,0,0,0,0,0,16.9722
17,0,0,0,6,6,0,0,0,0,0,0,0,0,6,0,2934,0,0,0,2934,0,6,0,0,0,0,0,0,0,0,0,0,0,16.9722
18,0,0,0,5,5,0,0,0,0,0,0,0,0,5,0,2935,0,0,0,2935,0,5,0,0,0,0,0,0,0,0,0,0,0,16.9779
19,0,0,0,6,6,0,0,0,0,0,0,0,0,6,0,2934,0,0,0,2934,0,6,0,0,0,0,0,0,0,0,0,0,0,16.9722
20,0,0,0,6,6,0,0,0,0,0,0,0,0,6,0,2934,0,0,0,2934,0,6,0,0,0,0,0,0,0,0,0,0,0,16.9722
21,0,0,0,6,6,0,0,0,0,0,0,0,0,6,0,2934,0,0,0,2934,0,6,0,0,0,0,0,0,0,0,0,0,0,16.9722
22,0,0,0,5,5,0,0,0,0,0,0,0,0,5,0,2935,0,0,0,2935,0,5,0,0,0,0,0,0,0,0,0,0,0,16.9779
23,0,0,0,6,6,0,0,0,0,0,0,0,0,6,0,2934,0,0,0,2934,0,6,0,0,0,0,0,0,0,0,0,0,0,16.9722
24,0,0,0,6,6,0,0,0,0,0,0,0,0,6,0,2934,0,0,0,2934,0,6,0,0,0,0,0,0,0,0,0,0,0,16.9722
25,0,0,0,6,6,0,0,0,0,0,0,0,0,6,0,2934,0,0,0,2934,0,6,0,0,0,0,0,0,0,0,0,0,0,16.9722
26,0,0,0,5,5,0,0,0,0,0,0,0,0,5,0,2935,0,0,0,2935,0,5,0,0,0,0,0,0,0,0,0,0,0,16.9779
27,0,0,0,6,6,0,0,0,0,0,0,0,0,6,0,2934,0,0,0,2934,0,6,0,0,0,0,0,0,0,0,0,0,0,16.9722
28,0,0,0,6,6,0,0,0,0,0,0,0,0,6,0,2934,0,0,0,2934,0,6,0,0,0,0,0,0,0,0,0,0,0,16.9722
29,0,0,0,6,6,0,0,0,0,0,0,0,0,6,0,2934,0,0,0,2934,0,6,0,0,0,0,0,0,0,0,0,0,0,16.9722
30,0,0,0,6,6,0,0,0,0,0,0,0,0,6,0,2934,0,0,0,2933,0,6,0,0,0,0,0,0,0,0,0,0,0,16.975
31,0,0,0,5,5,0,0,0,0,0,0,0,0,5,0,2935,0,0,0,2936,0,5,0,0,0,0,0,0,0,0,0,0,0,16.975
32,0,0,0,6,6,0,0,0,0,0,0,0,0,6,0,2934,0,0,0,2934,0,6,0,0,0,0,0,0,0,0,0,0,0,16.9722
33,0,0,0,6,6,0,0,0,0,0,0,0,0,6,0,2934,0,0,0,2934,0,6,0,0,0,0,0,0,0,0,0,0,0,16.9722
34,0,0,0,6,6,0,0,0,0,0,0,0,0,6,0,2934,0,0,0,2934,0,6,0,0,0,0,0,0,0,0,0,0,0,16.9722
35,0,0,0,5,5,0,0,0,0,0,0,0,0,5,0,2935,0,0,0,2935,0,5,0,0,0,0,0,0,0,0,0,0,0,16.9779
36,0,0,0,6,6,0,0,0,0,0,0,0,0,6,0,2934,0,0,0,2934,0,6,0,0,0,0,0,0,0,0,0,0,0,16.9722
37,0,0,0,6,6,0,0,0,0,0,0,0,0,6,0,2934,0,0,0,2934,0,6,0,0,0,0,0,0,0,0,0,0,0,16.9722
38,0,0,0,6,6,0,0,0,0,0,0,0,0,6,0,2934,0,0,0,2933,0,6,0,0,0,0,0,0,0,0,0,0,0,16.975
39,0,0,0,5,5,0,0,0,0,0,0,0,0,5,0,2935,0,0,0,2936,0,5,0,0,0,0,0,0,0,0,0,0,0,16.975
40,0,0,0,6,6,0,0,0,0,0,0,0,0,6,0,2934,0,0,0,2934,0,6,0,0,0,0,0,0,0,0,0,0,0,16.9722
41,0,0,0,6,6,0,0,0,0,0,0,0,0,6,0,2934,0,0,0,2934,0,6,0,0,0,0,0,0,0,0,0,0,0,16.9722
42,0,0,0,6,6,0,0,0,0,0,0,0,0,6,0,2934,0,0,0,2934,0,6,0,0,0,0,0,0,0,0,0,0,0,16.9722
43,0,0,0,5,5,0,0,0,0,0,0,0,0,5,0,2935,0,0,0,2935,0,5,0,0,0,0,0,0,0,0,0,0,0,16.9779
44,0,0,0,6,6,0,0,0,0,0,0,0,0,6,0,2934,0,0,0,2933,0,6,0,0,0,0,0,0,0,0,0,0,0,16.975
45,0,0,0,6,6,0,0,0,0,0,0,0,0,6,0,2934,0,0,0,2934,0,6,0,0,0,0,0,0,0,0,0,0,0,16.9722
46,0,0,0,6,6,0,0,0,0,0,0,0,0,6,0,2934,0,0,0,2935,0,6,0,0,0,0,0,0,0,0,0,0,0,16.9693
47,0,0,0,6,6,0,0,0,0,0,0,0,0,6,0,2934,0,0,0,2933,0,6,0,0,0,0,0,0,0,0,0,0,0,16.975
48,0,0,0,5,5,0,0,0,0,0,0,0,0,5,0,2935,0,0,0,2936,0,5,0,0,0,0,0,0,0,0,0,0,0,16.975
49,0,0,0,6,6,0,0,0,0,0,0,0,0,6,0,2934,0,0,0,2934,0,6,0,0,0,0,0,0,0,0,0,0,0,16.9722
50,0,0,0,6,6,0,0,0,0,0,0,0,0,6,0,2934,0,0,0,2934,0,6,0,0,0,0,0,0,0,0,0,0,0,16.9722
51,0,0,0,6,6,0,0,0,0,0,0,0,0,6,0,2934,0,0,0,2934,0,6,0,0,0,0,0,0,0,0,0,0,0,16.9722
52,0,0,0,5,5,0,0,0,0,0,0,0,0,5,0,2935,0,0,0,2934,0,5,0,0,0,0,0,0,0,0,0,0,0,16.9808
53,0,0,0,6,6,0,0,0,0,0,0,0,0,6,0,2934,0,0,0,2934,0,6,0,0,0,0,0,0,0,0,0,0,0,16.9722
54,0,0,0,6,6,0,0,0,0,0,0,0,0,6,0,2934,0,0,0,2934,0,6,0,0,0,0,0,0,0,0,0,0,0,16.9722
55,0,0,0,6,6,0,0,0,0,0,0,0,0,6,0,2934,0,0,0,2934,0,6,0,0,0,0,0,0,0,0,0,0,0,16.9722
56,0,0,0,5,5,0,0,0,0,0,0,0,0,5,0,2935,0,0,0,2936,0,5,0,0,0,0,0,0,0,0,0,0,0,16.975
57,0,0,0,6,6,0,0,0,0,0,0,0,0,6,0,2934,0,0,0,2934,0,6,0,0,0,0,0,0,0,0,0,0,0,16.9722
58,0,0,0,6,6,0,0,0,0,0,0,0,0,6,0,2934,0,0,0,2934,0,6,0,0,0,0,0,0,0,0,0,0,0,16.9722
59,0,0,0,6,6,0,0,0,0,0,0,0,0,6,0,2934,0,0,0,2934,0,6,0,0,0,0,0,0,0,0,0,0,0,16.9722
60,0,0,0,5,5,0,0,0,0,0,0,0,0,5,0,2935,0,0,0,2935,0,5,0,0,0,0,0,0,0,0,0,0,0,16.9779
61,0,0,0,6,6,0,0,0,0,0,0,0,0,6,0,2934,0,0,0,2934,0,6,0,0,0,0,0,0,0,0,0,0,0,16.9722
62,0,0,0,6,6,0,0,0,0,0,0,0,0,6,0,2934,0,0,0,2933,0,6,0,0,0,0,0,0,0,0,0,0,0,16.975
63,0,0,0,6,6,0,0,0,0,0,0,0,0,6,0,2934,0,0,0,2934,0,6,0,0,0,0,0,0,0,0,0,0,0,16.9722
64,0,0,0,6,6,0,0,0,0,0,0,0,0,6,0,2934,0,0,0,2935,0,6,0,0,0,0,0,0,0,0,0,0,0,16.9693
65,0,0,0,5,5,0,0,0,0,0,0,0,0,5,0,2935,0,0,0,2934,0,5,0,0,0,0,0,0,0,0,0,0,0,16.9808
66,0,0,0,6,6,0,0,0,0,0,0,0,0,6,0,2934,0,0,0,2934,0,6,0,0,0,0,0,0,0,0,0,0,0,16.9722
67,0,0,0,6,6,0,0,0,0,0,0,0,0,6,0,2934,0,0,0,2934,0,6,0,0,0,0,0,0,0,0,0,0,0,16.9722
68,0,0,0,6,6,0,0,0,0,0,0,0,0,6,0,2934,0,0,0,2935,0,6,0,0,0,0,0,0,0,0,0,0,0,16.9693
69,0,0,0,5,5,0,0,0,0,0,0,0,0,5,0,2935,0,0,0,2934,0,5,0,0,0,0,0,0,0,0,0,0,0,16.9808
70,0,0,0,6,6,0,0,0,0,0,0,0,0,6,0,2934,0,0,0,2934,0,6,0,0,0,0,0,0,0,0,0,0,0,16.9722
71,0,0,0,6,6,0,0,0,0,0,0,0,0,6,0,2934,0,0,0,2934,0,6,0,0,0,0,0,0,0,0,0,0,0,16.9722
72,0,0,0,6,6,0,0,0,0,0,0,0,0,6,0,2934,0,0,0,2934,0,6,0,0,0,0,0,0,0,0,0,0,0,16.9722
73,0,0,0,5,5,0,0,0,0,0,0,0,0,5,0,2935,0,0,0,2935,0,5,0,0,0,0,0,0,0,0,0,0,0,16.9779
74,0,0,0,6,6,0,0,0,0,0,0,0,0,6,0,2934,0,0,0,2935,0,6,0,0,0,0,0,0,0,0,0,0,0,16.9693
75,0,0,0,6,6,0,0,0,0,0,0,0,0,6,0,2934,0,0,0,2933,0,6,0,0,0,0,0,0,0,0,0,0,0,16.975
76,0,0,0,6,6,0,0,0,0,0,0,0,0,6,0,2934,0,0,0,2935,0,6,0,0,0,0,0,0,0,0,0,0,0,16.9693
77,0,0,0,5,5,0,0,0,0,0,0,0,0,5,0,2935,0,0,0,2934,0,5,0,0,0,0,0,0,0,0,0,0,0,16.9808
78,0,0,0,6,6,0,0,0,0,0,0,0,0,6,0,2934,0,0,0,2935,0,6,0,0,0,0,0,0,0,0,0,0,0,16.9693
79,0,0,0,6,6,0,0,0,0,0,0,0,0,6,0,2934,0,0,0,2934,0,6,0,0,0,0,0,0,0,0,0,0,0,16.9722
80,0,0,0,6,6,0,0,0,0,0,0,0,0,6,0,2933,0,0,0,2933,0,6,0,0,0,0,0,0,0,0,0,0,0,16.9779
81,0,0,0,6,6,0,0,0,0,0,0,0,0,6,0,2935,0,0,0,2935,0,6,0,0,0,0,0,0,0,0,0,0,0,16.9664
82,0,0,0,5,5,0,0,0,0,0,0,0,0,5,0,2935,0,0,0,2934,0,5,0,0,0,0,0,0,0,0,0,0,0,16.9808
83,0,0,0,6,6,0,0,0,0,0,0,0,0,6,0,2934,0,0,0,2934,0,6,0,0,0,0,0,0,0,0,0,0,0,16.9722
84,0,0,0,6,6,0,0,0,0,0,0,0,0,6,0,2934,0,0,0,2934,0,6,0,0,0,0,0,0,0,0,0,0,0,16.9722
85,0,0,0,6,6,0,0,0,0,0,0,0,0,6,0,2933,0,0,0,2934,0,6,0,0,0,0,0,0,0,0,0,0,0,16.975
86,0,0,0,5,5,0,0,0,0,0,0,0,0,5,0,2936,0,0,0,2935,0,5,0,0,0,0,0,0,0,0,0,0,0,16.975
87,0,0,0,6,6,0,0,0,0,0,0,0,0,6,0,2934,0,0,0,2934,0,6,0,0,0,0,0,0,0,0,0,0,0,16.9722
88,0,0,0,6,6,0,0,0,0,0,0,0,0,6,0,2933,0,0,0,2934,0,6,0,0,0,0,0,0,0,0,0,0,0,16.975
