pc,type,mispredicts,total,misPermil,dirMiss,tgtMiss,noPredMiss
800001cc,0,511,260100,1.96463,510,0,1
80000d7e,0,2,53,37.7358,1,0,1
80000256,0,2,32768,0.0610352,1,0,1
80000306,0,1,52,19.2308,0,0,1
80000f1e,0,1,1,1000,0,0,1
80000de0,0,1,52,19.2308,0,0,1
80000dda,0,1,52,19.2308,0,0,1
80000dd4,5,1,52,19.2308,0,0,1
80000294,0,1,1,1000,0,0,1
800001d6,0,1,510,1.96078,1,0,0
8000020c,0,1,1,1000,0,0,1
8000033a,1,0,1,0,0,0,0
80001488,4,0,1,0,0,0,0
80001480,2,0,1,0,0,0,0
80000f44,4,0,1,0,0,0,0
80000f2e,5,0,1,0,0,0,0
800001e4,4,0,1,0,0,0,0
800001ea,2,0,1,0,0,0,0
80000dca,1,0,1,0,0,0,0
80000dac,0,0,1,0,0,0,0
80000da2,0,0,1,0,0,0,0
80000d82,1,0,52,0,0,0,0
80000d80,4,0,1,0,0,0,0
80000222,4,0,1,0,0,0,0
8000026c,2,0,1,0,0,0,0
8000032e,0,0,1,0,0,0,0
80000320,4,0,52,0,0,0,0
80000316,0,0,52,0,0,0,0
80000126,2,0,1,0,0,0,0
80000302,4,0,1,0,0,0,0
800002f4,2,0,1,0,0,0,0
800002f0,2,0,1,0,0,0,0
800002e4,2,0,1,0,0,0,0
800002c4,1,0,52,0,0,0,0
800002c2,4,0,1,0,0,0,0
800002b4,1,0,1,0,0,0,0
800002ae,2,0,1,0,0,0,0
8000023c,0,0,1,0,0,0,0
