subPhaseID,numBranches,numEverTakenBranches,totalMispredicts,topMispPC_0,type_0,misCnt_0,topMispPC_1,type_1,misCnt_1,topMispPC_2,type_2,misCnt_2,topMispPC_3,type_3,misCnt_3,topMispPC_4,type_4,misCnt_4
0,9,8,2,8000020c,0,1,80000256,0,1,80000126,2,0,800001ea,2,0,8000023c,0,0
1,1,1,0,80000256,0,0
2,1,1,0,80000256,0,0
3,1,1,0,80000256,0,0
4,1,1,0,80000256,0,0
5,1,1,0,80000256,0,0
6,1,1,0,80000256,0,0
7,1,1,0,80000256,0,0
8,1,1,0,80000256,0,0
9,3,3,2,800001cc,0,1,80000256,0,1,8000026c,2,0
10,1,1,0,800001cc,0,0
11,2,2,1,800001cc,0,1,800001d6,0,0
12,1,1,0,800001cc,0,0
13,2,2,1,800001cc,0,1,800001d6,0,0
14,1,1,0,800001cc,0,0
15,2,2,1,800001cc,0,1,800001d6,0,0
16,2,2,1,800001cc,0,1,800001d6,0,0
17,1,1,0,800001cc,0,0
18,2,2,1,800001cc,0,1,800001d6,0,0
19,1,1,0,800001cc,0,0
20,2,2,1,800001cc,0,1,800001d6,0,0
21,2,2,1,800001cc,0,1,800001d6,0,0
22,1,1,0,800001cc,0,0
23,2,2,1,800001cc,0,1,800001d6,0,0
24,1,1,0,800001cc,0,0
25,2,2,1,800001cc,0,1,800001d6,0,0
26,1,1,0,800001cc,0,0
27,2,2,1,800001cc,0,1,800001d6,0,0
28,2,2,1,800001cc,0,1,800001d6,0,0
29,1,1,0,800001cc,0,0
30,2,2,1,800001cc,0,1,800001d6,0,0
31,1,1,0,800001cc,0,0
32,2,2,1,800001cc,0,1,800001d6,0,0
33,1,1,0,800001cc,0,0
34,2,2,1,800001cc,0,1,800001d6,0,0
35,2,2,1,800001cc,0,1,800001d6,0,0
36,1,1,0,800001cc,0,0
37,2,2,1,800001cc,0,1,800001d6,0,0
38,1,1,0,800001cc,0,0
39,2,2,1,800001cc,0,1,800001d6,0,0
40,1,1,0,800001cc,0,0
41,2,2,1,800001cc,0,1,800001d6,0,0
42,2,2,1,800001cc,0,1,800001d6,0,0
43,1,1,0,800001cc,0,0
44,2,2,1,800001cc,0,1,800001d6,0,0
45,1,1,0,800001cc,0,0
46,2,2,1,800001cc,0,1,800001d6,0,0
47,1,1,0,800001cc,0,0
48,2,2,1,800001cc,0,1,800001d6,0,0
49,2,2,1,800001cc,0,1,800001d6,0,0
50,1,1,0,800001cc,0,0
51,2,2,1,800001cc,0,1,800001d6,0,0
52,1,1,0,800001cc,0,0
53,2,2,1,800001cc,0,1,800001d6,0,0
54,2,2,1,800001cc,0,1,800001d6,0,0
55,1,1,0,800001cc,0,0
56,2,2,1,800001cc,0,1,800001d6,0,0
57,1,1,0,800001cc,0,0
58,2,2,1,800001cc,0,1,800001d6,0,0
59,1,1,0,800001cc,0,0
60,2,2,1,800001cc,0,1,800001d6,0,0
61,2,2,1,800001cc,0,1,800001d6,0,0
62,1,1,0,800001cc,0,0
63,2,2,1,800001cc,0,1,800001d6,0,0
64,1,1,0,800001cc,0,0
65,2,2,1,800001cc,0,1,800001d6,0,0
66,1,1,0,800001cc,0,0
67,2,2,1,800001cc,0,1,800001d6,0,0
68,2,2,1,800001cc,0,1,800001d6,0,0
69,1,1,0,800001cc,0,0
70,2,2,1,800001cc,0,1,800001d6,0,0
71,1,1,0,800001cc,0,0
72,2,2,1,800001cc,0,1,800001d6,0,0
73,1,1,0,800001cc,0,0
74,2,2,1,800001cc,0,1,800001d6,0,0
75,2,2,1,800001cc,0,1,800001d6,0,0
76,1,1,0,800001cc,0,0
77,2,2,1,800001cc,0,1,800001d6,0,0
78,1,1,0,800001cc,0,0
79,2,2,1,800001cc,0,1,800001d6,0,0
80,2,2,1,800001cc,0,1,800001d6,0,0
81,1,1,0,800001cc,0,0
82,2,2,1,800001cc,0,1,800001d6,0,0
83,1,1,0,800001cc,0,0
84,2,2,1,800001cc,0,1,800001d6,0,0
85,1,1,0,800001cc,0,0
86,2,2,1,800001cc,0,1,800001d6,0,0
87,2,2,1,800001cc,0,1,800001d6,0,0
88,1,1,0,800001cc,0,0
89,2,2,1,800001cc,0,1,800001d6,0,0
90,1,1,0,800001cc,0,0
91,2,2,1,800001cc,0,1,800001d6,0,0
92,1,1,0,800001cc,0,0
93,2,2,1,800001cc,0,1,800001d6,0,0
94,2,2,1,800001cc,0,1,800001d6,0,0
95,1,1,0,800001cc,0,0
96,2,2,1,800001cc,0,1,800001d6,0,0
97,1,1,0,800001cc,0,0
98,2,2,1,800001cc,0,1,800001d6,0,0
99,1,1,0,800001cc,0,0
100,2,2,1,800001cc,0,1,800001d6,0,0
101,2,2,1,800001cc,0,1,800001d6,0,0
102,1,1,0,800001cc,0,0
103,2,2,1,800001cc,0,1,800001d6,0,0
104,1,1,0,800001cc,0,0
105,2,2,1,800001cc,0,1,800001d6,0,0
106,2,2,1,800001cc,0,1,800001d6,0,0
107,1,1,0,800001cc,0,0
108,2,2,1,800001cc,0,1,800001d6,0,0
109,1,1,0,800001cc,0,0
110,2,2,1,800001cc,0,1,800001d6,0,0
111,1,1,0,800001cc,0,0
112,2,2,1,800001cc,0,1,800001d6,0,0
113,2,2,1,800001cc,0,1,800001d6,0,0
114,1,1,0,800001cc,0,0
115,2,2,1,800001cc,0,1,800001d6,0,0
116,1,1,0,800001cc,0,0
117,2,2,1,800001cc,0,1,800001d6,0,0
118,1,1,0,800001cc,0,0
119,2,2,1,800001cc,0,1,800001d6,0,0
120,2,2,1,800001cc,0,1,800001d6,0,0
121,1,1,0,800001cc,0,0
122,2,2,1,800001cc,0,1,800001d6,0,0
123,1,1,0,800001cc,0,0
124,2,2,1,800001cc,0,1,800001d6,0,0
125,1,1,0,800001cc,0,0
126,2,2,1,800001cc,0,1,800001d6,0,0
127,2,2,1,800001cc,0,1,800001d6,0,0
128,1,1,0,800001cc,0,0
129,2,2,1,800001cc,0,1,800001d6,0,0
130,1,1,0,800001cc,0,0
131,2,2,1,800001cc,0,1,800001d6,0,0
132,1,1,0,800001cc,0,0
133,2,2,1,800001cc,0,1,800001d6,0,0
134,2,2,1,800001cc,0,1,800001d6,0,0
135,1,1,0,800001cc,0,0
136,2,2,1,800001cc,0,1,800001d6,0,0
137,1,1,0,800001cc,0,0
138,2,2,1,800001cc,0,1,800001d6,0,0
139,2,2,1,800001cc,0,1,800001d6,0,0
140,1,1,0,800001cc,0,0
141,2,2,1,800001cc,0,1,800001d6,0,0
142,1,1,0,800001cc,0,0
143,2,2,1,800001cc,0,1,800001d6,0,0
144,1,1,0,800001cc,0,0
145,2,2,1,800001cc,0,1,800001d6,0,0
146,2,2,1,800001cc,0,1,800001d6,0,0
147,1,1,0,800001cc,0,0
148,2,2,1,800001cc,0,1,800001d6,0,0
149,1,1,0,800001cc,0,0
150,2,2,1,800001cc,0,1,800001d6,0,0
151,1,1,0,800001cc,0,0
152,2,2,1,800001cc,0,1,800001d6,0,0
153,2,2,1,800001cc,0,1,800001d6,0,0
154,1,1,0,800001cc,0,0
155,2,2,1,800001cc,0,1,800001d6,0,0
156,1,1,0,800001cc,0,0
157,2,2,1,800001cc,0,1,800001d6,0,0
158,1,1,0,800001cc,0,0
159,2,2,1,800001cc,0,1,800001d6,0,0
160,2,2,1,800001cc,0,1,800001d6,0,0
161,1,1,0,800001cc,0,0
162,2,2,1,800001cc,0,1,800001d6,0,0
163,1,1,0,800001cc,0,0
164,2,2,1,800001cc,0,1,800001d6,0,0
165,2,2,1,800001cc,0,1,800001d6,0,0
166,1,1,0,800001cc,0,0
167,2,2,1,800001cc,0,1,800001d6,0,0
168,1,1,0,800001cc,0,0
169,2,2,1,800001cc,0,1,800001d6,0,0
170,1,1,0,800001cc,0,0
171,2,2,1,800001cc,0,1,800001d6,0,0
172,2,2,1,800001cc,0,1,800001d6,0,0
173,1,1,0,800001cc,0,0
174,2,2,1,800001cc,0,1,800001d6,0,0
175,1,1,0,800001cc,0,0
176,2,2,1,800001cc,0,1,800001d6,0,0
177,1,1,0,800001cc,0,0
178,2,2,1,800001cc,0,1,800001d6,0,0
179,2,2,1,800001cc,0,1,800001d6,0,0
180,1,1,0,800001cc,0,0
181,2,2,1,800001cc,0,1,800001d6,0,0
182,1,1,0,800001cc,0,0
183,2,2,1,800001cc,0,1,800001d6,0,0
184,1,1,0,800001cc,0,0
185,2,2,1,800001cc,0,1,800001d6,0,0
186,2,2,1,800001cc,0,1,800001d6,0,0
187,1,1,0,800001cc,0,0
188,2,2,1,800001cc,0,1,800001d6,0,0
189,1,1,0,800001cc,0,0
190,2,2,1,800001cc,0,1,800001d6,0,0
191,2,2,1,800001cc,0,1,800001d6,0,0
192,1,1,0,800001cc,0,0
193,2,2,1,800001cc,0,1,800001d6,0,0
194,1,1,0,800001cc,0,0
195,2,2,1,800001cc,0,1,800001d6,0,0
196,1,1,0,800001cc,0,0
197,2,2,1,800001cc,0,1,800001d6,0,0
198,2,2,1,800001cc,0,1,800001d6,0,0
199,1,1,0,800001cc,0,0
200,2,2,1,800001cc,0,1,800001d6,0,0
201,1,1,0,800001cc,0,0
202,2,2,1,800001cc,0,1,800001d6,0,0
203,1,1,0,800001cc,0,0
204,2,2,1,800001cc,0,1,800001d6,0,0
205,2,2,1,800001cc,0,1,800001d6,0,0
206,1,1,0,800001cc,0,0
207,2,2,1,800001cc,0,1,800001d6,0,0
208,1,1,0,800001cc,0,0
209,2,2,1,800001cc,0,1,800001d6,0,0
210,1,1,0,800001cc,0,0
211,2,2,1,800001cc,0,1,800001d6,0,0
212,2,2,1,800001cc,0,1,800001d6,0,0
213,1,1,0,800001cc,0,0
214,2,2,1,800001cc,0,1,800001d6,0,0
215,1,1,0,800001cc,0,0
216,2,2,1,800001cc,0,1,800001d6,0,0
217,1,1,0,800001cc,0,0
218,2,2,1,800001cc,0,1,800001d6,0,0
219,2,2,1,800001cc,0,1,800001d6,0,0
220,1,1,0,800001cc,0,0
221,2,2,1,800001cc,0,1,800001d6,0,0
222,1,1,0,800001cc,0,0
223,2,2,1,800001cc,0,1,800001d6,0,0
224,2,2,1,800001cc,0,1,800001d6,0,0
225,1,1,0,800001cc,0,0
226,2,2,1,800001cc,0,1,800001d6,0,0
227,1,1,0,800001cc,0,0
228,2,2,1,800001cc,0,1,800001d6,0,0
229,1,1,0,800001cc,0,0
230,2,2,1,800001cc,0,1,800001d6,0,0
231,2,2,1,800001cc,0,1,800001d6,0,0
232,1,1,0,800001cc,0,0
233,2,2,1,800001cc,0,1,800001d6,0,0
234,1,1,0,800001cc,0,0
235,2,2,1,800001cc,0,1,800001d6,0,0
236,1,1,0,800001cc,0,0
237,2,2,1,800001cc,0,1,800001d6,0,0
238,2,2,1,800001cc,0,1,800001d6,0,0
239,1,1,0,800001cc,0,0
240,2,2,1,800001cc,0,1,800001d6,0,0
241,1,1,0,800001cc,0,0
242,2,2,1,800001cc,0,1,800001d6,0,0
243,1,1,0,800001cc,0,0
244,2,2,1,800001cc,0,1,800001d6,0,0
245,2,2,1,800001cc,0,1,800001d6,0,0
246,1,1,0,800001cc,0,0
247,2,2,1,800001cc,0,1,800001d6,0,0
248,1,1,0,800001cc,0,0
249,2,2,1,800001cc,0,1,800001d6,0,0
250,2,2,1,800001cc,0,1,800001d6,0,0
251,1,1,0,800001cc,0,0
252,2,2,1,800001cc,0,1,800001d6,0,0
253,1,1,0,800001cc,0,0
254,2,2,1,800001cc,0,1,800001d6,0,0
255,1,1,0,800001cc,0,0
256,2,2,1,800001cc,0,1,800001d6,0,0
257,2,2,1,800001cc,0,1,800001d6,0,0
258,1,1,0,800001cc,0,0
259,2,2,1,800001cc,0,1,800001d6,0,0
260,1,1,0,800001cc,0,0
261,2,2,1,800001cc,0,1,800001d6,0,0
262,1,1,0,800001cc,0,0
263,2,2,1,800001cc,0,1,800001d6,0,0
264,2,2,1,800001cc,0,1,800001d6,0,0
265,1,1,0,800001cc,0,0
266,2,2,1,800001cc,0,1,800001d6,0,0
267,1,1,0,800001cc,0,0
268,2,2,1,800001cc,0,1,800001d6,0,0
269,1,1,0,800001cc,0,0
270,2,2,1,800001cc,0,1,800001d6,0,0
271,2,2,1,800001cc,0,1,800001d6,0,0
272,1,1,0,800001cc,0,0
273,2,2,1,800001cc,0,1,800001d6,0,0
274,1,1,0,800001cc,0,0
275,2,2,1,800001cc,0,1,800001d6,0,0
276,2,2,1,800001cc,0,1,800001d6,0,0
277,1,1,0,800001cc,0,0
278,2,2,1,800001cc,0,1,800001d6,0,0
279,1,1,0,800001cc,0,0
280,2,2,1,800001cc,0,1,800001d6,0,0
281,1,1,0,800001cc,0,0
282,2,2,1,800001cc,0,1,800001d6,0,0
283,2,2,1,800001cc,0,1,800001d6,0,0
284,1,1,0,800001cc,0,0
285,2,2,1,800001cc,0,1,800001d6,0,0
286,1,1,0,800001cc,0,0
287,2,2,1,800001cc,0,1,800001d6,0,0
288,1,1,0,800001cc,0,0
289,2,2,1,800001cc,0,1,800001d6,0,0
290,2,2,1,800001cc,0,1,800001d6,0,0
291,1,1,0,800001cc,0,0
292,2,2,1,800001cc,0,1,800001d6,0,0
293,1,1,0,800001cc,0,0
294,2,2,1,800001cc,0,1,800001d6,0,0
295,1,1,0,800001cc,0,0
296,2,2,1,800001cc,0,1,800001d6,0,0
297,2,2,1,800001cc,0,1,800001d6,0,0
298,1,1,0,800001cc,0,0
299,2,2,1,800001cc,0,1,800001d6,0,0
300,1,1,0,800001cc,0,0
301,2,2,1,800001cc,0,1,800001d6,0,0
302,1,1,0,800001cc,0,0
303,2,2,1,800001cc,0,1,800001d6,0,0
304,2,2,1,800001cc,0,1,800001d6,0,0
305,1,1,0,800001cc,0,0
306,2,2,1,800001cc,0,1,800001d6,0,0
307,1,1,0,800001cc,0,0
308,2,2,1,800001cc,0,1,800001d6,0,0
309,2,2,1,800001cc,0,1,800001d6,0,0
310,1,1,0,800001cc,0,0
311,2,2,1,800001cc,0,1,800001d6,0,0
312,1,1,0,800001cc,0,0
313,2,2,1,800001cc,0,1,800001d6,0,0
314,1,1,0,800001cc,0,0
315,2,2,1,800001cc,0,1,800001d6,0,0
316,2,2,1,800001cc,0,1,800001d6,0,0
317,1,1,0,800001cc,0,0
318,2,2,1,800001cc,0,1,800001d6,0,0
319,1,1,0,800001cc,0,0
320,2,2,1,800001cc,0,1,800001d6,0,0
321,1,1,0,800001cc,0,0
322,2,2,1,800001cc,0,1,800001d6,0,0
323,2,2,1,800001cc,0,1,800001d6,0,0
324,1,1,0,800001cc,0,0
325,2,2,1,800001cc,0,1,800001d6,0,0
326,1,1,0,800001cc,0,0
327,2,2,1,800001cc,0,1,800001d6,0,0
328,1,1,0,800001cc,0,0
329,2,2,1,800001cc,0,1,800001d6,0,0
330,2,2,1,800001cc,0,1,800001d6,0,0
331,1,1,0,800001cc,0,0
332,2,2,1,800001cc,0,1,800001d6,0,0
333,1,1,0,800001cc,0,0
334,2,2,1,800001cc,0,1,800001d6,0,0
335,2,2,1,800001cc,0,1,800001d6,0,0
336,1,1,0,800001cc,0,0
337,2,2,1,800001cc,0,1,800001d6,0,0
338,1,1,0,800001cc,0,0
339,2,2,1,800001cc,0,1,800001d6,0,0
340,1,1,0,800001cc,0,0
341,2,2,1,800001cc,0,1,800001d6,0,0
342,2,2,1,800001cc,0,1,800001d6,0,0
343,1,1,0,800001cc,0,0
344,2,2,1,800001cc,0,1,800001d6,0,0
345,1,1,0,800001cc,0,0
346,2,2,1,800001cc,0,1,800001d6,0,0
347,1,1,0,800001cc,0,0
348,2,2,1,800001cc,0,1,800001d6,0,0
349,2,2,1,800001cc,0,1,800001d6,0,0
350,1,1,0,800001cc,0,0
351,2,2,1,800001cc,0,1,800001d6,0,0
352,1,1,0,800001cc,0,0
353,2,2,1,800001cc,0,1,800001d6,0,0
354,1,1,0,800001cc,0,0
355,2,2,1,800001cc,0,1,800001d6,0,0
356,2,2,1,800001cc,0,1,800001d6,0,0
357,1,1,0,800001cc,0,0
358,2,2,1,800001cc,0,1,800001d6,0,0
359,1,1,0,800001cc,0,0
360,2,2,1,800001cc,0,1,800001d6,0,0
361,2,2,1,800001cc,0,1,800001d6,0,0
362,1,1,0,800001cc,0,0
363,2,2,1,800001cc,0,1,800001d6,0,0
364,1,1,0,800001cc,0,0
365,2,2,1,800001cc,0,1,800001d6,0,0
366,1,1,0,800001cc,0,0
367,2,2,1,800001cc,0,1,800001d6,0,0
368,2,2,1,800001cc,0,1,800001d6,0,0
369,1,1,0,800001cc,0,0
370,2,2,1,800001cc,0,1,800001d6,0,0
371,1,1,0,800001cc,0,0
372,2,2,1,800001cc,0,1,800001d6,0,0
373,1,1,0,800001cc,0,0
374,2,2,1,800001cc,0,1,800001d6,0,0
375,2,2,1,800001cc,0,1,800001d6,0,0
376,1,1,0,800001cc,0,0
377,2,2,1,800001cc,0,1,800001d6,0,0
378,1,1,0,800001cc,0,0
379,2,2,1,800001cc,0,1,800001d6,0,0
380,1,1,0,800001cc,0,0
381,2,2,1,800001cc,0,1,800001d6,0,0
382,2,2,1,800001cc,0,1,800001d6,0,0
383,1,1,0,800001cc,0,0
384,2,2,1,800001cc,0,1,800001d6,0,0
385,1,1,0,800001cc,0,0
386,2,2,1,800001cc,0,1,800001d6,0,0
387,1,1,0,800001cc,0,0
388,2,2,1,800001cc,0,1,800001d6,0,0
389,2,2,1,800001cc,0,1,800001d6,0,0
390,1,1,0,800001cc,0,0
391,2,2,1,800001cc,0,1,800001d6,0,0
392,1,1,0,800001cc,0,0
393,2,2,1,800001cc,0,1,800001d6,0,0
394,2,2,1,800001cc,0,1,800001d6,0,0
395,1,1,0,800001cc,0,0
396,2,2,1,800001cc,0,1,800001d6,0,0
397,1,1,0,800001cc,0,0
398,2,2,1,800001cc,0,1,800001d6,0,0
399,1,1,0,800001cc,0,0
400,2,2,1,800001cc,0,1,800001d6,0,0
401,2,2,1,800001cc,0,1,800001d6,0,0
402,1,1,0,800001cc,0,0
403,2,2,1,800001cc,0,1,800001d6,0,0
404,1,1,0,800001cc,0,0
405,2,2,1,800001cc,0,1,800001d6,0,0
406,1,1,0,800001cc,0,0
407,2,2,1,800001cc,0,1,800001d6,0,0
408,2,2,1,800001cc,0,1,800001d6,0,0
409,1,1,0,800001cc,0,0
410,2,2,1,800001cc,0,1,800001d6,0,0
411,1,1,0,800001cc,0,0
412,2,2,1,800001cc,0,1,800001d6,0,0
413,1,1,0,800001cc,0,0
414,2,2,1,800001cc,0,1,800001d6,0,0
415,2,2,1,800001cc,0,1,800001d6,0,0
416,1,1,0,800001cc,0,0
417,2,2,1,800001cc,0,1,800001d6,0,0
418,1,1,0,800001cc,0,0
419,2,2,1,800001cc,0,1,800001d6,0,0
420,2,2,1,800001cc,0,1,800001d6,0,0
421,1,1,0,800001cc,0,0
422,2,2,1,800001cc,0,1,800001d6,0,0
423,1,1,0,800001cc,0,0
424,2,2,1,800001cc,0,1,800001d6,0,0
425,1,1,0,800001cc,0,0
426,2,2,1,800001cc,0,1,800001d6,0,0
427,2,2,1,800001cc,0,1,800001d6,0,0
428,1,1,0,800001cc,0,0
429,2,2,1,800001cc,0,1,800001d6,0,0
430,1,1,0,800001cc,0,0
431,2,2,1,800001cc,0,1,800001d6,0,0
432,1,1,0,800001cc,0,0
433,2,2,1,800001cc,0,1,800001d6,0,0
434,2,2,1,800001cc,0,1,800001d6,0,0
435,1,1,0,800001cc,0,0
436,2,2,1,800001cc,0,1,800001d6,0,0
437,1,1,0,800001cc,0,0
438,2,2,1,800001cc,0,1,800001d6,0,0
439,1,1,0,800001cc,0,0
440,2,2,1,800001cc,0,1,800001d6,0,0
441,2,2,1,800001cc,0,1,800001d6,0,0
442,1,1,0,800001cc,0,0
443,2,2,1,800001cc,0,1,800001d6,0,0
444,1,1,0,800001cc,0,0
445,2,2,1,800001cc,0,1,800001d6,0,0
446,2,2,1,800001cc,0,1,800001d6,0,0
447,1,1,0,800001cc,0,0
448,2,2,1,800001cc,0,1,800001d6,0,0
449,1,1,0,800001cc,0,0
450,2,2,1,800001cc,0,1,800001d6,0,0
451,1,1,0,800001cc,0,0
452,2,2,1,800001cc,0,1,800001d6,0,0
453,2,2,1,800001cc,0,1,800001d6,0,0
454,1,1,0,800001cc,0,0
455,2,2,1,800001cc,0,1,800001d6,0,0
456,1,1,0,800001cc,0,0
457,2,2,1,800001cc,0,1,800001d6,0,0
458,1,1,0,800001cc,0,0
459,2,2,1,800001cc,0,1,800001d6,0,0
460,2,2,1,800001cc,0,1,800001d6,0,0
461,1,1,0,800001cc,0,0
462,2,2,1,800001cc,0,1,800001d6,0,0
463,1,1,0,800001cc,0,0
464,2,2,1,800001cc,0,1,800001d6,0,0
465,1,1,0,800001cc,0,0
466,2,2,1,800001cc,0,1,800001d6,0,0
467,2,2,1,800001cc,0,1,800001d6,0,0
468,1,1,0,800001cc,0,0
469,2,2,1,800001cc,0,1,800001d6,0,0
470,1,1,0,800001cc,0,0
471,2,2,1,800001cc,0,1,800001d6,0,0
472,1,1,0,800001cc,0,0
473,2,2,1,800001cc,0,1,800001d6,0,0
474,2,2,1,800001cc,0,1,800001d6,0,0
475,1,1,0,800001cc,0,0
476,2,2,1,800001cc,0,1,800001d6,0,0
477,1,1,0,800001cc,0,0
478,2,2,1,800001cc,0,1,800001d6,0,0
479,2,2,1,800001cc,0,1,800001d6,0,0
480,1,1,0,800001cc,0,0
481,2,2,1,800001cc,0,1,800001d6,0,0
482,1,1,0,800001cc,0,0
483,2,2,1,800001cc,0,1,800001d6,0,0
484,1,1,0,800001cc,0,0
485,2,2,1,800001cc,0,1,800001d6,0,0
486,2,2,1,800001cc,0,1,800001d6,0,0
487,1,1,0,800001cc,0,0
488,2,2,1,800001cc,0,1,800001d6,0,0
489,1,1,0,800001cc,0,0
490,2,2,1,800001cc,0,1,800001d6,0,0
491,1,1,0,800001cc,0,0
492,2,2,1,800001cc,0,1,800001d6,0,0
493,2,2,1,800001cc,0,1,800001d6,0,0
494,1,1,0,800001cc,0,0
495,2,2,1,800001cc,0,1,800001d6,0,0
496,1,1,0,800001cc,0,0
497,2,2,1,800001cc,0,1,800001d6,0,0
498,1,1,0,800001cc,0,0
499,2,2,1,800001cc,0,1,800001d6,0,0
500,2,2,1,800001cc,0,1,800001d6,0,0
501,1,1,0,800001cc,0,0
502,2,2,1,800001cc,0,1,800001d6,0,0
503,1,1,0,800001cc,0,0
504,2,2,1,800001cc,0,1,800001d6,0,0
505,2,2,1,800001cc,0,1,800001d6,0,0
506,1,1,0,800001cc,0,0
507,2,2,1,800001cc,0,1,800001d6,0,0
508,1,1,0,800001cc,0,0
509,2,2,1,800001cc,0,1,800001d6,0,0
510,1,1,0,800001cc,0,0
511,2,2,1,800001cc,0,1,800001d6,0,0
512,2,2,1,800001cc,0,1,800001d6,0,0
513,1,1,0,800001cc,0,0
514,2,2,1,800001cc,0,1,800001d6,0,0
515,1,1,0,800001cc,0,0
516,2,2,1,800001cc,0,1,800001d6,0,0
517,1,1,0,800001cc,0,0
518,2,2,1,800001cc,0,1,800001d6,0,0
519,2,2,1,800001cc,0,1,800001d6,0,0
520,1,1,0,800001cc,0,0
521,2,2,1,800001cc,0,1,800001d6,0,0
522,1,1,0,800001cc,0,0
523,2,2,1,800001cc,0,1,800001d6,0,0
524,1,1,0,800001cc,0,0
525,2,2,1,800001cc,0,1,800001d6,0,0
526,2,2,1,800001cc,0,1,800001d6,0,0
527,1,1,0,800001cc,0,0
528,2,2,1,800001cc,0,1,800001d6,0,0
529,1,1,0,800001cc,0,0
530,2,2,1,800001cc,0,1,800001d6,0,0
531,2,2,1,800001cc,0,1,800001d6,0,0
532,1,1,0,800001cc,0,0
533,2,2,1,800001cc,0,1,800001d6,0,0
534,1,1,0,800001cc,0,0
535,2,2,1,800001cc,0,1,800001d6,0,0
536,1,1,0,800001cc,0,0
537,2,2,1,800001cc,0,1,800001d6,0,0
538,2,2,1,800001cc,0,1,800001d6,0,0
539,1,1,0,800001cc,0,0
540,2,2,1,800001cc,0,1,800001d6,0,0
541,1,1,0,800001cc,0,0
542,2,2,1,800001cc,0,1,800001d6,0,0
543,1,1,0,800001cc,0,0
544,2,2,1,800001cc,0,1,800001d6,0,0
545,2,2,1,800001cc,0,1,800001d6,0,0
546,1,1,0,800001cc,0,0
547,2,2,1,800001cc,0,1,800001d6,0,0
548,1,1,0,800001cc,0,0
549,2,2,1,800001cc,0,1,800001d6,0,0
550,1,1,0,800001cc,0,0
551,2,2,1,800001cc,0,1,800001d6,0,0
552,2,2,1,800001cc,0,1,800001d6,0,0
553,1,1,0,800001cc,0,0
554,2,2,1,800001cc,0,1,800001d6,0,0
555,1,1,0,800001cc,0,0
556,2,2,1,800001cc,0,1,800001d6,0,0
557,1,1,0,800001cc,0,0
558,2,2,1,800001cc,0,1,800001d6,0,0
559,2,2,1,800001cc,0,1,800001d6,0,0
560,1,1,0,800001cc,0,0
561,2,2,1,800001cc,0,1,800001d6,0,0
562,1,1,0,800001cc,0,0
563,2,2,1,800001cc,0,1,800001d6,0,0
564,2,2,1,800001cc,0,1,800001d6,0,0
565,1,1,0,800001cc,0,0
566,2,2,1,800001cc,0,1,800001d6,0,0
567,1,1,0,800001cc,0,0
568,2,2,1,800001cc,0,1,800001d6,0,0
569,1,1,0,800001cc,0,0
570,2,2,1,800001cc,0,1,800001d6,0,0
571,2,2,1,800001cc,0,1,800001d6,0,0
572,1,1,0,800001cc,0,0
573,2,2,1,800001cc,0,1,800001d6,0,0
574,1,1,0,800001cc,0,0
575,2,2,1,800001cc,0,1,800001d6,0,0
576,1,1,0,800001cc,0,0
577,2,2,1,800001cc,0,1,800001d6,0,0
578,2,2,1,800001cc,0,1,800001d6,0,0
579,1,1,0,800001cc,0,0
580,2,2,1,800001cc,0,1,800001d6,0,0
581,1,1,0,800001cc,0,0
582,2,2,1,800001cc,0,1,800001d6,0,0
583,1,1,0,800001cc,0,0
584,2,2,1,800001cc,0,1,800001d6,0,0
585,2,2,1,800001cc,0,1,800001d6,0,0
586,1,1,0,800001cc,0,0
587,2,2,1,800001cc,0,1,800001d6,0,0
588,1,1,0,800001cc,0,0
589,2,2,1,800001cc,0,1,800001d6,0,0
590,2,2,1,800001cc,0,1,800001d6,0,0
591,1,1,0,800001cc,0,0
592,2,2,1,800001cc,0,1,800001d6,0,0
593,1,1,0,800001cc,0,0
594,2,2,1,800001cc,0,1,800001d6,0,0
595,1,1,0,800001cc,0,0
596,2,2,1,800001cc,0,1,800001d6,0,0
597,2,2,1,800001cc,0,1,800001d6,0,0
598,1,1,0,800001cc,0,0
599,2,2,1,800001cc,0,1,800001d6,0,0
600,1,1,0,800001cc,0,0
601,2,2,1,800001cc,0,1,800001d6,0,0
602,1,1,0,800001cc,0,0
603,2,2,1,800001cc,0,1,800001d6,0,0
604,2,2,1,800001cc,0,1,800001d6,0,0
605,1,1,0,800001cc,0,0
606,2,2,1,800001cc,0,1,800001d6,0,0
607,1,1,0,800001cc,0,0
608,2,2,1,800001cc,0,1,800001d6,0,0
609,1,1,0,800001cc,0,0
610,2,2,1,800001cc,0,1,800001d6,0,0
611,2,2,1,800001cc,0,1,800001d6,0,0
612,1,1,0,800001cc,0,0
613,2,2,1,800001cc,0,1,800001d6,0,0
614,1,1,0,800001cc,0,0
615,2,2,1,800001cc,0,1,800001d6,0,0
616,2,2,1,800001cc,0,1,800001d6,0,0
617,1,1,0,800001cc,0,0
618,2,2,1,800001cc,0,1,800001d6,0,0
619,1,1,0,800001cc,0,0
620,2,2,1,800001cc,0,1,800001d6,0,0
621,1,1,0,800001cc,0,0
622,2,2,1,800001cc,0,1,800001d6,0,0
623,2,2,1,800001cc,0,1,800001d6,0,0
624,1,1,0,800001cc,0,0
625,2,2,1,800001cc,0,1,800001d6,0,0
626,1,1,0,800001cc,0,0
627,2,2,1,800001cc,0,1,800001d6,0,0
628,1,1,0,800001cc,0,0
629,2,2,1,800001cc,0,1,800001d6,0,0
630,2,2,1,800001cc,0,1,800001d6,0,0
631,1,1,0,800001cc,0,0
632,2,2,1,800001cc,0,1,800001d6,0,0
633,1,1,0,800001cc,0,0
634,2,2,1,800001cc,0,1,800001d6,0,0
635,1,1,0,800001cc,0,0
636,2,2,1,800001cc,0,1,800001d6,0,0
637,2,2,1,800001cc,0,1,800001d6,0,0
638,1,1,0,800001cc,0,0
639,2,2,1,800001cc,0,1,800001d6,0,0
640,1,1,0,800001cc,0,0
641,2,2,1,800001cc,0,1,800001d6,0,0
642,1,1,0,800001cc,0,0
643,2,2,1,800001cc,0,1,800001d6,0,0
644,2,2,1,800001cc,0,1,800001d6,0,0
645,1,1,0,800001cc,0,0
646,2,2,1,800001cc,0,1,800001d6,0,0
647,1,1,0,800001cc,0,0
648,2,2,1,800001cc,0,1,800001d6,0,0
649,2,2,1,800001cc,0,1,800001d6,0,0
650,1,1,0,800001cc,0,0
651,2,2,1,800001cc,0,1,800001d6,0,0
652,1,1,0,800001cc,0,0
653,2,2,1,800001cc,0,1,800001d6,0,0
654,1,1,0,800001cc,0,0
655,2,2,1,800001cc,0,1,800001d6,0,0
656,2,2,1,800001cc,0,1,800001d6,0,0
657,1,1,0,800001cc,0,0
658,2,2,1,800001cc,0,1,800001d6,0,0
659,1,1,0,800001cc,0,0
660,2,2,1,800001cc,0,1,800001d6,0,0
661,1,1,0,800001cc,0,0
662,2,2,1,800001cc,0,1,800001d6,0,0
663,2,2,1,800001cc,0,1,800001d6,0,0
664,1,1,0,800001cc,0,0
665,2,2,1,800001cc,0,1,800001d6,0,0
666,1,1,0,800001cc,0,0
667,2,2,1,800001cc,0,1,800001d6,0,0
668,1,1,0,800001cc,0,0
669,2,2,1,800001cc,0,1,800001d6,0,0
670,2,2,1,800001cc,0,1,800001d6,0,0
671,1,1,0,800001cc,0,0
672,2,2,1,800001cc,0,1,800001d6,0,0
673,1,1,0,800001cc,0,0
674,2,2,1,800001cc,0,1,800001d6,0,0
675,2,2,1,800001cc,0,1,800001d6,0,0
676,1,1,0,800001cc,0,0
677,2,2,1,800001cc,0,1,800001d6,0,0
678,1,1,0,800001cc,0,0
679,2,2,1,800001cc,0,1,800001d6,0,0
680,1,1,0,800001cc,0,0
681,2,2,1,800001cc,0,1,800001d6,0,0
682,2,2,1,800001cc,0,1,800001d6,0,0
683,1,1,0,800001cc,0,0
684,2,2,1,800001cc,0,1,800001d6,0,0
685,1,1,0,800001cc,0,0
686,2,2,1,800001cc,0,1,800001d6,0,0
687,1,1,0,800001cc,0,0
688,2,2,1,800001cc,0,1,800001d6,0,0
689,2,2,1,800001cc,0,1,800001d6,0,0
690,1,1,0,800001cc,0,0
691,2,2,1,800001cc,0,1,800001d6,0,0
692,1,1,0,800001cc,0,0
693,2,2,1,800001cc,0,1,800001d6,0,0
694,1,1,0,800001cc,0,0
695,2,2,1,800001cc,0,1,800001d6,0,0
696,2,2,1,800001cc,0,1,800001d6,0,0
697,1,1,0,800001cc,0,0
698,2,2,1,800001cc,0,1,800001d6,0,0
699,1,1,0,800001cc,0,0
700,2,2,1,800001cc,0,1,800001d6,0,0
701,2,2,1,800001cc,0,1,800001d6,0,0
702,1,1,0,800001cc,0,0
703,2,2,1,800001cc,0,1,800001d6,0,0
704,1,1,0,800001cc,0,0
705,2,2,1,800001cc,0,1,800001d6,0,0
706,1,1,0,800001cc,0,0
707,2,2,1,800001cc,0,1,800001d6,0,0
708,2,2,1,800001cc,0,1,800001d6,0,0
709,1,1,0,800001cc,0,0
710,2,2,1,800001cc,0,1,800001d6,0,0
711,1,1,0,800001cc,0,0
712,2,2,1,800001cc,0,1,800001d6,0,0
713,1,1,0,800001cc,0,0
714,2,2,1,800001cc,0,1,800001d6,0,0
715,2,2,1,800001cc,0,1,800001d6,0,0
716,1,1,0,800001cc,0,0
717,2,2,1,800001cc,0,1,800001d6,0,0
718,1,1,0,800001cc,0,0
719,2,2,1,800001cc,0,1,800001d6,0,0
720,1,1,0,800001cc,0,0
721,2,2,1,800001cc,0,1,800001d6,0,0
722,2,2,1,800001cc,0,1,800001d6,0,0
723,1,1,0,800001cc,0,0
724,2,2,1,800001cc,0,1,800001d6,0,0
725,1,1,0,800001cc,0,0
726,2,2,1,800001cc,0,1,800001d6,0,0
727,1,1,0,800001cc,0,0
728,2,2,1,800001cc,0,1,800001d6,0,0
729,2,2,1,800001cc,0,1,800001d6,0,0
730,1,1,0,800001cc,0,0
731,2,2,1,800001cc,0,1,800001d6,0,0
732,1,1,0,800001cc,0,0
733,2,2,1,800001cc,0,1,800001d6,0,0
734,2,2,1,800001cc,0,1,800001d6,0,0
735,1,1,0,800001cc,0,0
736,2,2,1,800001cc,0,1,800001d6,0,0
737,1,1,0,800001cc,0,0
738,2,2,1,800001cc,0,1,800001d6,0,0
739,1,1,0,800001cc,0,0
740,2,2,1,800001cc,0,1,800001d6,0,0
741,2,2,1,800001cc,0,1,800001d6,0,0
742,1,1,0,800001cc,0,0
743,2,2,1,800001cc,0,1,800001d6,0,0
744,1,1,0,800001cc,0,0
745,2,2,1,800001cc,0,1,800001d6,0,0
746,1,1,0,800001cc,0,0
747,2,2,1,800001cc,0,1,800001d6,0,0
748,2,2,1,800001cc,0,1,800001d6,0,0
749,1,1,0,800001cc,0,0
750,2,2,1,800001cc,0,1,800001d6,0,0
751,1,1,0,800001cc,0,0
752,2,2,1,800001cc,0,1,800001d6,0,0
753,1,1,0,800001cc,0,0
754,2,2,1,800001cc,0,1,800001d6,0,0
755,2,2,1,800001cc,0,1,800001d6,0,0
756,1,1,0,800001cc,0,0
757,2,2,1,800001cc,0,1,800001d6,0,0
758,1,1,0,800001cc,0,0
759,2,2,1,800001cc,0,1,800001d6,0,0
760,2,2,1,800001cc,0,1,800001d6,0,0
761,1,1,0,800001cc,0,0
762,2,2,1,800001cc,0,1,800001d6,0,0
763,1,1,0,800001cc,0,0
764,2,2,1,800001cc,0,1,800001d6,0,0
765,1,1,0,800001cc,0,0
766,2,2,1,800001cc,0,1,800001d6,0,0
767,2,2,1,800001cc,0,1,800001d6,0,0
768,1,1,0,800001cc,0,0
769,2,2,1,800001cc,0,1,800001d6,0,0
770,1,1,0,800001cc,0,0
771,2,2,1,800001cc,0,1,800001d6,0,0
772,1,1,0,800001cc,0,0
773,2,2,1,800001cc,0,1,800001d6,0,0
774,2,2,1,800001cc,0,1,800001d6,0,0
775,1,1,0,800001cc,0,0
776,2,2,1,800001cc,0,1,800001d6,0,0
777,1,1,0,800001cc,0,0
778,2,2,1,800001cc,0,1,800001d6,0,0
779,1,1,0,800001cc,0,0
780,2,2,1,800001cc,0,1,800001d6,0,0
781,2,2,1,800001cc,0,1,800001d6,0,0
782,1,1,0,800001cc,0,0
783,2,2,1,800001cc,0,1,800001d6,0,0
784,1,1,0,800001cc,0,0
785,2,2,1,800001cc,0,1,800001d6,0,0
786,2,2,1,800001cc,0,1,800001d6,0,0
787,1,1,0,800001cc,0,0
788,2,2,1,800001cc,0,1,800001d6,0,0
789,1,1,0,800001cc,0,0
790,2,2,1,800001cc,0,1,800001d6,0,0
791,1,1,0,800001cc,0,0
792,2,2,1,800001cc,0,1,800001d6,0,0
793,2,2,1,800001cc,0,1,800001d6,0,0
794,1,1,0,800001cc,0,0
795,2,2,1,800001cc,0,1,800001d6,0,0
796,1,1,0,800001cc,0,0
797,2,2,1,800001cc,0,1,800001d6,0,0
798,1,1,0,800001cc,0,0
799,2,2,1,800001cc,0,1,800001d6,0,0
800,2,2,1,800001cc,0,1,800001d6,0,0
801,1,1,0,800001cc,0,0
802,2,2,1,800001cc,0,1,800001d6,0,0
803,1,1,0,800001cc,0,0
804,2,2,1,800001cc,0,1,800001d6,0,0
805,1,1,0,800001cc,0,0
806,2,2,1,800001cc,0,1,800001d6,0,0
807,2,2,1,800001cc,0,1,800001d6,0,0
808,1,1,0,800001cc,0,0
809,2,2,1,800001cc,0,1,800001d6,0,0
810,1,1,0,800001cc,0,0
811,2,2,1,800001cc,0,1,800001d6,0,0
812,1,1,0,800001cc,0,0
813,2,2,1,800001cc,0,1,800001d6,0,0
814,2,2,1,800001cc,0,1,800001d6,0,0
815,1,1,0,800001cc,0,0
816,2,2,1,800001cc,0,1,800001d6,0,0
817,1,1,0,800001cc,0,0
818,2,2,1,800001cc,0,1,800001d6,0,0
819,2,2,1,800001cc,0,1,800001d6,0,0
820,1,1,0,800001cc,0,0
821,2,2,1,800001cc,0,1,800001d6,0,0
822,1,1,0,800001cc,0,0
823,2,2,1,800001cc,0,1,800001d6,0,0
824,1,1,0,800001cc,0,0
825,2,2,1,800001cc,0,1,800001d6,0,0
826,2,2,1,800001cc,0,1,800001d6,0,0
827,1,1,0,800001cc,0,0
828,2,2,1,800001cc,0,1,800001d6,0,0
829,1,1,0,800001cc,0,0
830,2,2,1,800001cc,0,1,800001d6,0,0
831,1,1,0,800001cc,0,0
832,2,2,1,800001cc,0,1,800001d6,0,0
833,2,2,1,800001cc,0,1,800001d6,0,0
834,1,1,0,800001cc,0,0
835,2,2,1,800001cc,0,1,800001d6,0,0
836,1,1,0,800001cc,0,0
837,2,2,1,800001cc,0,1,800001d6,0,0
838,1,1,0,800001cc,0,0
839,2,2,1,800001cc,0,1,800001d6,0,0
840,2,2,1,800001cc,0,1,800001d6,0,0
841,1,1,0,800001cc,0,0
842,2,2,1,800001cc,0,1,800001d6,0,0
843,1,1,0,800001cc,0,0
844,2,2,1,800001cc,0,1,800001d6,0,0
845,2,2,1,800001cc,0,1,800001d6,0,0
846,1,1,0,800001cc,0,0
847,2,2,1,800001cc,0,1,800001d6,0,0
848,1,1,0,800001cc,0,0
849,2,2,1,800001cc,0,1,800001d6,0,0
850,1,1,0,800001cc,0,0
851,2,2,1,800001cc,0,1,800001d6,0,0
852,2,2,1,800001cc,0,1,800001d6,0,0
853,1,1,0,800001cc,0,0
854,2,2,1,800001cc,0,1,800001d6,0,0
855,1,1,0,800001cc,0,0
856,2,2,1,800001cc,0,1,800001d6,0,0
857,1,1,0,800001cc,0,0
858,2,2,1,800001cc,0,1,800001d6,0,0
859,2,2,1,800001cc,0,1,800001d6,0,0
860,1,1,0,800001cc,0,0
861,2,2,1,800001cc,0,1,800001d6,0,0
862,1,1,0,800001cc,0,0
863,2,2,1,800001cc,0,1,800001d6,0,0
864,1,1,0,800001cc,0,0
865,2,2,1,800001cc,0,1,800001d6,0,0
866,2,2,1,800001cc,0,1,800001d6,0,0
867,1,1,0,800001cc,0,0
868,2,2,1,800001cc,0,1,800001d6,0,0
869,1,1,0,800001cc,0,0
870,2,2,1,800001cc,0,1,800001d6,0,0
871,2,2,1,800001cc,0,1,800001d6,0,0
872,1,1,0,800001cc,0,0
873,2,2,1,800001cc,0,1,800001d6,0,0
874,1,1,0,800001cc,0,0
875,2,2,1,800001cc,0,1,800001d6,0,0
876,1,1,0,800001cc,0,0
877,2,2,1,800001cc,0,1,800001d6,0,0
878,2,2,1,800001cc,0,1,800001d6,0,0
879,1,1,0,800001cc,0,0
880,2,2,1,800001cc,0,1,800001d6,0,0
881,1,1,0,800001cc,0,0
882,2,2,1,800001cc,0,1,800001d6,0,0
883,1,1,0,800001cc,0,0
884,2,2,1,800001cc,0,1,800001d6,0,0
885,2,2,1,800001cc,0,1,800001d6,0,0
886,1,1,0,800001cc,0,0
887,2,2,1,800001cc,0,1,800001d6,0,0
888,1,1,0,800001cc,0,0
889,2,2,1,800001cc,0,1,800001d6,0,0
890,1,1,0,800001cc,0,0
891,2,2,1,800001cc,0,1,800001d6,0,0
892,2,2,1,800001cc,0,1,800001d6,0,0
893,1,1,0,800001cc,0,0
